INSERT INTO MEMBER (ID, NAME, EMAIL, PASSWORD, ROLE, CREATION_DATE)
VALUES ('a5993416-4255-11ec-71d3-0242ac130004', 'Ruan Amaral', 'ruan@gmail.com', '123456', 'OWNER',
        '2024-04-23T23:01:40.619-03:00');

INSERT INTO MEMBER (ID, NAME, EMAIL, PASSWORD, ROLE, CREATION_DATE)
VALUES ('91f746ff-01d7-402f-a53c-2bfc627b6cdd', 'Duke Morimoto', 'dukemorimoto@gmail.com', '45786215', 'USER',
        '2024-04-23T23:01:40.619-03:00');

INSERT INTO MEMBER (ID, NAME, EMAIL, PASSWORD, ROLE, CREATION_DATE)
VALUES ('411e816f-a2b3-4cc2-a622-ef71a49706da', 'Guilherme Matias', 'guilhermematias@gmail.com', '45786215', 'USER',
        '2024-04-23T23:01:40.619-03:00');

INSERT INTO MEMBER (ID, NAME, EMAIL, PASSWORD, ROLE, CREATION_DATE)
VALUES ('f489068e-71da-4e7a-af80-217e4c3e6fd0', 'Marcelo Sena', 'marcenlo@gmail.com', '123456', 'OWNER',
        '2024-04-23T23:01:40.619-03:00');

INSERT INTO MEMBER (ID, NAME, EMAIL, PASSWORD, ROLE, CREATION_DATE)
VALUES ('f94c4e97-1933-46c7-b08d-a7f40830a69a', 'Morimoto Renato', 'morimoto@gmail.com', '45786215', 'ASSISTANT',
        '2024-04-23T23:01:40.619-03:00');

INSERT INTO MEMBER (ID, NAME, EMAIL, PASSWORD, ROLE, CREATION_DATE)
VALUES ('b4d6dc18-8e2d-43cf-9f2d-6053d1fd80c9', 'Menezes Tiago', 'menezes@gmail.com', '45786215', 'ASSISTANT',
        '2024-04-23T23:01:40.619-03:00');

INSERT INTO MEMBER (ID, NAME, EMAIL, PASSWORD, ROLE, CREATION_DATE)
VALUES ('98ac23aa-2c1d-4e87-9bda-4c15b9282c64', 'Antonio Toninho', 'antonio@gmail.com', '45786215', 'ASSISTANT',
        '2024-04-23T23:01:40.619-03:00');

INSERT INTO MEMBER (ID, NAME, EMAIL, PASSWORD, ROLE, CREATION_DATE)
VALUES ('8a143c6f-c406-4d81-a413-f7b47a0bee06', 'Ivan Neto', 'ivan@gmail.com', '45786215', 'ASSISTANT',
        '2024-04-23T23:01:40.619-03:00');

INSERT INTO MEMBER (ID, NAME, EMAIL, PASSWORD, ROLE, CREATION_DATE)
VALUES ('0eba7783-4c64-4552-a657-d92870024c8d', 'Maria Joao', 'maria@gmail.com', '45786215', 'ASSISTANT',
        '2024-04-23T23:01:40.619-03:00');

INSERT INTO MEMBER (ID, NAME, EMAIL, PASSWORD, ROLE, CREATION_DATE)
VALUES ('b5cc2628-c7e6-4a3f-90a3-04a447a48c2e', 'Santiago', 'santigado@gmail.com', '45786215', 'ASSISTANT',
        '2024-04-23T23:01:40.619-03:00');

INSERT INTO DEALERSHIP (ID, TRADE_NAME, CNPJ, CREATION_DATE)
VALUES ('246e30ed-6f82-4da7-bb09-c9f7ca9bf4e1', 'Ruanzinho Veiculos', '45572678000187',
        '2024-04-23T23:01:40.619-03:00');

INSERT INTO DEALERSHIP (ID, TRADE_NAME, CNPJ, CREATION_DATE)
VALUES ('2721d31f-a83d-4f6d-b1ac-f8fd74ca19c2', 'Monteiro Veiculos', '63301948000105',
        '2024-04-23T23:01:40.619-03:00');

INSERT INTO DEALERSHIP (ID, TRADE_NAME, CNPJ, CREATION_DATE)
VALUES ('a66a9197-faf7-4eeb-a64f-706a5566ad5e', 'Maracai Veiculos', '63301948000105',
        '2024-04-23T23:01:40.619-03:00');

INSERT INTO DEALERSHIP (ID, TRADE_NAME, CNPJ, CREATION_DATE)
VALUES ('b1fc5b09-75ea-46dd-9290-9c1760686c3a', 'Diamante Veiculos', '63301948000105',
        '2024-04-23T23:01:40.619-03:00');

INSERT INTO DEALERSHIP_MEMBER (DEALERSHIP_ID, MEMBER_ID)
VALUES ('246e30ed-6f82-4da7-bb09-c9f7ca9bf4e1', 'a5993416-4255-11ec-71d3-0242ac130004');

INSERT INTO DEALERSHIP_MEMBER (DEALERSHIP_ID, MEMBER_ID)
VALUES ('2721d31f-a83d-4f6d-b1ac-f8fd74ca19c2', 'f489068e-71da-4e7a-af80-217e4c3e6fd0');

INSERT INTO DEALERSHIP_MEMBER (DEALERSHIP_ID, MEMBER_ID)
VALUES ('2721d31f-a83d-4f6d-b1ac-f8fd74ca19c2', 'f94c4e97-1933-46c7-b08d-a7f40830a69a');

INSERT INTO DEALERSHIP_MEMBER (DEALERSHIP_ID, MEMBER_ID)
VALUES ('2721d31f-a83d-4f6d-b1ac-f8fd74ca19c2', 'b4d6dc18-8e2d-43cf-9f2d-6053d1fd80c9');

INSERT INTO DEALERSHIP_MEMBER (DEALERSHIP_ID, MEMBER_ID)
VALUES ('a66a9197-faf7-4eeb-a64f-706a5566ad5e', '98ac23aa-2c1d-4e87-9bda-4c15b9282c64');

INSERT INTO DEALERSHIP_MEMBER (DEALERSHIP_ID, MEMBER_ID)
VALUES ('a66a9197-faf7-4eeb-a64f-706a5566ad5e', '8a143c6f-c406-4d81-a413-f7b47a0bee06');

INSERT INTO DEALERSHIP_MEMBER (DEALERSHIP_ID, MEMBER_ID)
VALUES ('b1fc5b09-75ea-46dd-9290-9c1760686c3a', '0eba7783-4c64-4552-a657-d92870024c8d');

INSERT INTO DEALERSHIP_MEMBER (DEALERSHIP_ID, MEMBER_ID)
VALUES ('b1fc5b09-75ea-46dd-9290-9c1760686c3a', 'b5cc2628-c7e6-4a3f-90a3-04a447a48c2e');

INSERT INTO VEHICLE (ID, DEALERSHIP_ID, LICENSE_PLATE, BRAND_TYPE, MODEL, MANUFACTURING_YEAR, MODEL_YEAR, VERSION,
                     TRANSMISSION_TYPE, FUEL_TYPE, DOORS, COLOR, CREATION_DATE)
VALUES ('2e55b038-b7af-41b7-b1f8-3c5023f237ac', '246e30ed-6f82-4da7-bb09-c9f7ca9bf4e1', 'FOI-4674', 'VOLKSWAGEN',
        'AMAROK','2022', '2022', 'Highline 3.0 CD 4x4', 'AUTOMATIC', 'DIESEL', '4', 'BLACK', '2024-04-23T23:01:40.619-03:00');

INSERT INTO VEHICLE (ID, DEALERSHIP_ID, LICENSE_PLATE, BRAND_TYPE, MODEL, MANUFACTURING_YEAR, MODEL_YEAR, VERSION,
                     TRANSMISSION_TYPE, FUEL_TYPE, DOORS, COLOR, CREATION_DATE)
VALUES ('5c0dda90-b6e8-4f87-9189-b4cfc5be369d', '246e30ed-6f82-4da7-bb09-c9f7ca9bf4e1', 'ERA-4674', 'VOLKSWAGEN',
        'Gol','2016', '2016', 'Highline 1.6', 'MANUAL', 'FLEX', '4', 'BLACK', '2024-04-23T23:01:40.619-03:00');

INSERT INTO VEHICLE (ID, DEALERSHIP_ID, LICENSE_PLATE, BRAND_TYPE, MODEL, MANUFACTURING_YEAR, MODEL_YEAR, VERSION,
                     TRANSMISSION_TYPE, FUEL_TYPE, DOORS, COLOR, CREATION_DATE)
VALUES ('bd9af619-89e6-45f5-a020-db0f6af6809b', '2721d31f-a83d-4f6d-b1ac-f8fd74ca19c2', 'ERA-4674', 'VOLKSWAGEN',
        'Gol','2016', '2016', 'Highline 1.6', 'MANUAL', 'FLEX', '4', 'BLACK', '2024-04-23T23:01:40.619-03:00');

INSERT INTO VEHICLE (ID, DEALERSHIP_ID, LICENSE_PLATE, BRAND_TYPE, MODEL, MANUFACTURING_YEAR, MODEL_YEAR, VERSION,
                     TRANSMISSION_TYPE, FUEL_TYPE, DOORS, COLOR, CREATION_DATE)
VALUES ('bcc1ca1d-7b4c-497f-9a3f-ec7b5a749deb', '2721d31f-a83d-4f6d-b1ac-f8fd74ca19c2', 'ERA-4674', 'VOLKSWAGEN',
        'Gol','2016', '2016', 'Highline 1.6', 'MANUAL', 'FLEX', '4', 'BLACK', '2024-04-23T23:01:40.619-03:00');

INSERT INTO VEHICLE (ID, DEALERSHIP_ID, LICENSE_PLATE, BRAND_TYPE, MODEL, MANUFACTURING_YEAR, MODEL_YEAR, VERSION,
                     TRANSMISSION_TYPE, FUEL_TYPE, DOORS, COLOR, CREATION_DATE)
VALUES ('f4508e32-4e40-4c2c-ac7a-3cd28ebb6762', 'a66a9197-faf7-4eeb-a64f-706a5566ad5e', 'ERA-4674', 'VOLKSWAGEN',
        'Gol','2016', '2016', 'Highline 1.6', 'MANUAL', 'FLEX', '4', 'BLACK', '2024-04-23T23:01:40.619-03:00');

INSERT INTO VEHICLE (ID, DEALERSHIP_ID, LICENSE_PLATE, BRAND_TYPE, MODEL, MANUFACTURING_YEAR, MODEL_YEAR, VERSION,
                     TRANSMISSION_TYPE, FUEL_TYPE, DOORS, COLOR, CREATION_DATE)
VALUES ('4be2aebe-e2a2-4833-ab85-d29fd6c77835', 'b1fc5b09-75ea-46dd-9290-9c1760686c3a', 'ERA-4674', 'VOLKSWAGEN',
        'Gol','2016', '2016', 'Highline 1.6', 'MANUAL', 'FLEX', '4', 'BLACK', '2024-04-23T23:01:40.619-03:00');

INSERT INTO CUSTOMER (ID, NAME, EMAIL, PHONE, CREATION_DATE)
VALUES ('856d9018-2c16-4324-8471-8404ac38a43a', 'Vitor Hugo', 'vitorhugo@gmail.com', '18997845412',
        '2024-04-23T23:01:40.619-03:00');

INSERT INTO CUSTOMER (ID, NAME, EMAIL, PHONE, CREATION_DATE)
VALUES ('a4051951-c547-4fb6-bfa5-51f21c3ece8f', 'Diego Silva', 'diegosilva@gmail.com', '18997845414',
        '2024-04-23T23:01:40.619-03:00');

INSERT INTO CUSTOMER (ID, NAME, EMAIL, PHONE, CREATION_DATE)
VALUES ('da0d1ac2-8d8e-43f9-b84a-be76bea58d6a', 'Martin Costa', 'martincosta@gmail.com', '18997845415',
        '2024-04-23T23:01:40.619-03:00');

INSERT INTO OPPORTUNITY (ID, CUSTOMER_ID, DEALERSHIP_ID, MEMBER_ID, STATUS, REASON, VEHICLE_ID, CREATION_DATE)
VALUES ('d172d900-55d6-45b1-aaf6-70d7d05928b5', '856d9018-2c16-4324-8471-8404ac38a43a',
        '246e30ed-6f82-4da7-bb09-c9f7ca9bf4e1', NULL, 'NEW', NULL, '2e55b038-b7af-41b7-b1f8-3c5023f237ac','2024-04-23T23:01:40.619-03:00');

INSERT INTO OPPORTUNITY (ID, CUSTOMER_ID, DEALERSHIP_ID, MEMBER_ID, STATUS, REASON, VEHICLE_ID, CREATION_DATE)
VALUES ('caf7322e-8129-4a34-b285-33f3f8614d20', 'a4051951-c547-4fb6-bfa5-51f21c3ece8f',
        '246e30ed-6f82-4da7-bb09-c9f7ca9bf4e1', 'a5993416-4255-11ec-71d3-0242ac130004', 'APPROVED', 'Venda concluída com sucesso', '5c0dda90-b6e8-4f87-9189-b4cfc5be369d','2024-04-23T23:01:40.619-03:00');

INSERT INTO OPPORTUNITY (ID, CUSTOMER_ID, DEALERSHIP_ID, MEMBER_ID, STATUS, REASON, VEHICLE_ID, CREATION_DATE)
VALUES ('3ba22468-db41-470c-adde-727aa66327d6', 'da0d1ac2-8d8e-43f9-b84a-be76bea58d6a',
        '246e30ed-6f82-4da7-bb09-c9f7ca9bf4e1', NULL, 'NEW', NULL, '2e55b038-b7af-41b7-b1f8-3c5023f237ac','2024-04-23T23:01:40.619-03:00');

INSERT INTO OPPORTUNITY (ID, CUSTOMER_ID, DEALERSHIP_ID, MEMBER_ID, STATUS, REASON, VEHICLE_ID, CREATION_DATE, ASSIGN_DATE)
VALUES ('22412e17-3b35-4052-b9d1-c34b0706247e', 'a4051951-c547-4fb6-bfa5-51f21c3ece8f',
        '2721d31f-a83d-4f6d-b1ac-f8fd74ca19c2', 'f94c4e97-1933-46c7-b08d-a7f40830a69a', 'IN_PROGRESS', NULL, 'bd9af619-89e6-45f5-a020-db0f6af6809b','2024-04-23T23:01:40.619-03:00', '2024-04-23T10:01:40.619-03:00');

INSERT INTO OPPORTUNITY (ID, CUSTOMER_ID, DEALERSHIP_ID, MEMBER_ID, STATUS, REASON, VEHICLE_ID, CREATION_DATE, ASSIGN_DATE)
VALUES ('e41ee207-d9ca-425e-8ab9-e2bd60d1f490', 'da0d1ac2-8d8e-43f9-b84a-be76bea58d6a',
        '2721d31f-a83d-4f6d-b1ac-f8fd74ca19c2', 'b4d6dc18-8e2d-43cf-9f2d-6053d1fd80c9', 'IN_PROGRESS', NULL, 'bcc1ca1d-7b4c-497f-9a3f-ec7b5a749deb','2024-04-23T23:01:40.619-03:00', '2024-04-23T23:01:40.619-03:00');

INSERT INTO OPPORTUNITY (ID, CUSTOMER_ID, DEALERSHIP_ID, MEMBER_ID, STATUS, REASON, VEHICLE_ID, CREATION_DATE, ASSIGN_DATE)
VALUES ('cd1a4693-b403-44f6-8e88-3a686a156c8e', 'da0d1ac2-8d8e-43f9-b84a-be76bea58d6a',
        'a66a9197-faf7-4eeb-a64f-706a5566ad5e', '98ac23aa-2c1d-4e87-9bda-4c15b9282c64', 'IN_PROGRESS', NULL, 'f4508e32-4e40-4c2c-ac7a-3cd28ebb6762','2024-04-23T23:01:40.619-03:00', '2024-04-23T23:01:40.619-03:00');